Maskinnavn,Merke,Modell,Serienummer,Status
BHVNB6000,HP,HP ProBook 430 G3,5CD5501F8S,Ledig
BHVNB6001,HP,HP ProBook 430 G3,5CD54972N6,Ledig
BHVNB6002,HP,HP ProBook 430 G3,5CD5501F7R,Ledig
BHVNB6003,HP,HP ProBook 430 G3,5CD5501F5J,Ledig
BHVNB6004,HP,HP ProBook 430 G3,5CD5501F8C,Ledig
BHVNB6005,HP,HP ProBook 430 G3,5CD5488414,Ledig
BHVNB6006,HP,HP ProBook 430 G3,5CD5488425,Ledig
BHVNB6007,HP,HP ProBook 430 G3,5CD548840T,Ledig
BHVNB6008,HP,HP ProBook 430 G3,5CD5501F7G,Ledig
BHVNB6009,HP,HP ProBook 430 G3,5CD5501F7F,Ledig
BHVNB6010,HP,HP ProBook 430 G3,5CD5501F4D,Ledig
BHVNB6011,HP,HP ProBook 430 G3,5CD5501F62,Ledig
BHVNB6012,HP,HP ProBook 430 G3,5CD548840Y,Ledig
BHVNB6013,HP,HP ProBook 430 G3,5CD5501F7J,Ledig
BHVNB6014,HP,HP ProBook 430 G3,5CD5488419,Ledig
BHVNB6015,HP,HP ProBook 430 G3,5CD5501F89,Ledig
BHVNB6016,HP,HP ProBook 430 G3,5CD5501F7Q,Ledig
BHVNB6017,HP,HP ProBook 430 G3,5CD5501F85,Ledig
BHVNB6018,HP,HP ProBook 430 G3,5CD5488446,Ledig
BHVNB6019,HP,HP ProBook 430 G3,5CD5488449,Ledig
BHVNB6020,HP,HP ProBook 430 G3,5CD5501F8G,Ledig
BHVNB6021,HP,HP ProBook 430 G3,5CD5501F77,Ledig
BHVNB6022,HP,HP ProBook 430 G3,5CD5501F8Z,Ledig
BHVNB6023,HP,HP ProBook 430 G3,5CD5488435,Ledig
BHVNB6024,HP,HP ProBook 430 G3,5CD5488416,Ledig
BHVNB6025,HP,HP ProBook 430 G3,5CD5501F94,Ledig
BHVNB6026,HP,HP ProBook 430 G3,5CD5501F7Y,Ledig
BHVNB6027,HP,HP ProBook 430 G3,5CD5501F8W,Ledig
BHVNB6028,HP,HP ProBook 430 G3,5CD5501F93,Ledig
BHVNB6029,HP,HP ProBook 430 G3,5CD5501F91,Ledig
BHVNB6030,HP,HP ProBook 430 G3,5CD5501F4G,Ledig
BHVNB6031,HP,HP ProBook 430 G3,5CD5501F4Q,Ledig
BHVNB6032,HP,HP ProBook 430 G3,5CD5501F8L,Ledig
BHVNB6033,HP,HP ProBook 430 G3,5CD5501F66,Ledig
BHVNB6034,HP,HP ProBook 430 G3,5CD5501F4T,Ledig
BHVNB6035,HP,HP ProBook 430 G3,5CD5501F8Y,Ledig
BHVNB6036,HP,HP ProBook 430 G3,5CD5501F7P,Ledig
BHVNB6037,HP,HP ProBook 430 G3,5CD548844M,Ledig
BHVNB6038,HP,HP ProBook 430 G3,5CD5501F46,Ledig
BHVNB6039,HP,HP ProBook 430 G3,5CD5501F96,Ledig
BHVNB6040,HP,HP ProBook 430 G3,5CD5501F82,Ledig
BHVNB6041,HP,HP ProBook 430 G3,5CD548840L,Ledig
BHVNB6042,HP,HP ProBook 430 G3,5CD5501F74,Ledig
BHVNB6043,HP,HP ProBook 430 G3,5CD5501F6D,Ledig
BHVNB6044,HP,HP ProBook 430 G3,5CD5501F8B,Ledig
BHVNB6045,HP,HP ProBook 430 G3,5CD5501F5Z,Ledig
BHVNB6046,HP,HP ProBook 430 G3,5CD54972MV,Ledig
BHVNB6047,HP,HP ProBook 430 G3,5CD5501F8N,Ledig
BHVNB6048,HP,HP ProBook 430 G3,5CD5501F4W,Ledig
BHVNB6049,HP,HP ProBook 430 G3,5CD5501F7S,Ledig
BHVNB6050,HP,HP ProBook 430 G3,5CD5501F8H,Ledig
BHVNB6051,HP,HP ProBook 430 G3,5CD5501F83,Ledig
BHVNB6052,HP,HP ProBook 430 G3,5CD548841Q,Ledig
BHVNB6053,HP,HP ProBook 430 G3,5CD54972NV,Ledig
BHVNB6054,HP,HP ProBook 430 G3,5CD5501F4P,Ledig
BHVNB6055,HP,HP ProBook 430 G3,5CD548844G,Ledig
BHVNB6056,HP,HP ProBook 430 G3,5CD548844T,Ledig
BHVNB6057,HP,HP ProBook 430 G3,5CD5501F4M,Ledig
BHVNB6058,HP,HP ProBook 430 G3,5CD5501F9C,Ledig
BHVNB6059,HP,HP ProBook 430 G3,5CD548841T,Ledig
BHVNB6060,HP,HP ProBook 430 G3,5CD5501F92,Ledig
BHVNB6061,HP,HP ProBook 430 G3,5CD5501F7L,Ledig
BHVNB6062,HP,HP ProBook 430 G3,5CD5501F65,Ledig
BHVNB6063,HP,HP ProBook 430 G3,5CD5501F5K,Ledig
BHVNB6064,HP,HP ProBook 430 G3,5CD54883ZX,Ledig
BHVNB6065,HP,HP ProBook 430 G3,5CD54972QB,Ledig
BHVNB6066,HP,HP ProBook 430 G3,5CD5501F8J,Ledig
BHVNB6067,HP,HP ProBook 430 G3,5CD54972P4,Ledig
BHVNB6068,HP,HP ProBook 430 G3,5CD548843W,Ledig
BHVNB6069,HP,HP ProBook 430 G3,5CD5501F76,Ledig
BHVNB6070,HP,HP ProBook 430 G3,5CD54972PY,Ledig
BHVNB6071,HP,HP ProBook 430 G3,5CD5501F87,Ledig
BHVNB6072,HP,HP ProBook 430 G3,5CD5501F68,Ledig
BHVNB6073,HP,HP ProBook 430 G3,5CD54972QN,Ledig
BHVNB6074,HP,HP ProBook 430 G3,5CD5501F4X,Ledig
BHVNB6075,HP,HP ProBook 430 G3,5CD5501F7N,Ledig
BHVNB6076,HP,HP ProBook 430 G3,5CD54883ZF,Ledig
BHVNB6077,HP,HP ProBook 430 G3,5CD5501F7D,Ledig
BHVNB6078,HP,HP ProBook 430 G3,5CD5501F59,Ledig
BHVNB6079,HP,HP ProBook 430 G3,5CD548842H,Ledig
BHVNB6080,HP,HP ProBook 430 G3,5CD5501F8K,Ledig
BHVNB6081,HP,HP ProBook 430 G3,5CD5488423,Ledig
BHVNB6082,HP,HP ProBook 430 G3,5CD5501F8M,Ledig
BHVNB6083,HP,HP ProBook 430 G3,5CD5488439,Ledig
BHVNB6084,HP,HP ProBook 430 G3,5CD548842Z,Ledig
BHVNB6085,HP,HP ProBook 430 G3,5CD548842S,Ledig
BHVNB6086,HP,HP ProBook 430 G3,5CD5488443,Ledig
BHVNB6087,HP,HP ProBook 430 G3,5CD5501F69,Ledig
BHVNB6088,HP,HP ProBook 430 G3,5CD5501F57,Ledig
BHVNB6089,HP,HP ProBook 430 G3,5CD54972N9,Ledig
BHVNB6090,HP,HP ProBook 430 G3,5CD54972QD,Ledig
BHVNB6091,HP,HP ProBook 430 G3,5CD54972Q4,Ledig
BHVNB6092,HP,HP ProBook 430 G3,5CD548843D,Ledig
BHVNB6093,HP,HP ProBook 430 G3,5CD54972QG,Ledig
BHVNB6094,HP,HP ProBook 430 G3,5CD5501F7X,Ledig
BHVNB6095,HP,HP ProBook 430 G3,5CD548841Y,Ledig
BHVNB6096,HP,HP ProBook 430 G3,5CD5501F8V,Ledig
BHVNB6097,HP,HP ProBook 430 G3,5CD54972QK,Ledig
BHVNB6098,HP,HP ProBook 430 G3,5CD5501F8F,Ledig
BHVNB6099,HP,HP ProBook 430 G3,5CD54972PM,Ledig
BHVNB6100,HP,HP ProBook 430 G3,5CD5501F7T,Ledig
BHVNB6101,HP,HP ProBook 430 G3,5CD54972Q9,Ledig
BHVNB6102,HP,HP ProBook 430 G3,5CD54883YG,Ledig
BHVNB6103,HP,HP ProBook 430 G3,5CD5501F97,Ledig
BHVNB6104,HP,HP ProBook 430 G3,5CD54972PK,Ledig
BHVNB6105,HP,HP ProBook 430 G3,5CD548842G,Ledig
BHVNB6106,HP,HP ProBook 430 G3,5CD548841J,Ledig
BHVNB6107,HP,HP ProBook 430 G3,5CD5501F8T,Ledig
BHVNB6108,HP,HP ProBook 430 G3,5CD54972NP,Ledig
BHVNB6109,HP,HP ProBook 430 G3,5CD5501F8X,Ledig
BHVNB6110,HP,HP ProBook 430 G3,5CD548844V,Ledig
BHVNB6111,HP,HP ProBook 430 G3,5CD548842N,Ledig
BHVNB6112,HP,HP ProBook 430 G3,5CD54972PT,Ledig
BHVNB6113,HP,HP ProBook 430 G3,5CD54972Q7,Ledig
BHVNB6114,HP,HP ProBook 430 G3,5CD548840K,Ledig
BHVNB6115,HP,HP ProBook 430 G3,5CD5501F7W,Ledig
BHVNB6116,HP,HP ProBook 430 G3,5CD54972NL,Ledig
BHVNB6117,HP,HP ProBook 430 G3,5CD548842Q,Ledig
BHVNB6118,HP,HP ProBook 430 G3,5CD548843L,Ledig
BHVNB6119,HP,HP ProBook 430 G3,5CD5488420,Ledig
BHVNB6120,HP,HP ProBook 430 G3,5CD5501F63,Ledig
BHVNB6121,HP,HP ProBook 430 G3,5CD54972MK,Ledig
BHVNB6122,HP,HP ProBook 430 G3,5CD5501F73,Ledig
BHVNB6123,HP,HP ProBook 430 G3,5CD54972NT,Ledig
BHVNB6124,HP,HP ProBook 430 G3,5CD5501F8Q,Ledig
BHVNB6125,HP,HP ProBook 430 G3,5CD54972QF,Ledig
BHVNB6126,HP,HP ProBook 430 G3,5CD5501F99,Ledig
BHVNB6127,HP,HP ProBook 430 G3,5CD5488401,Ledig
BHVNB6128,HP,HP ProBook 430 G3,5CD5501F58,Ledig
BHVNB6129,HP,HP ProBook 430 G3,5CD54972PL,Ledig
BHVNB6130,HP,HP ProBook 430 G3,5CD5488406,Ledig
BHVNB6131,HP,HP ProBook 430 G3,5CD548843S,Ledig
BHVNB6132,HP,HP ProBook 430 G3,5CD54843N8,Ledig
BHVNB6133,HP,HP ProBook 430 G3,5CD54972QJ,Ledig
BHVNB6134,HP,HP ProBook 430 G3,5CD5501F4Z,Ledig
BHVNB6135,HP,HP ProBook 430 G3,5CD5488408,Ledig
BHVNB6136,HP,HP ProBook 430 G3,5CD5501F4N,Ledig
BHVNB6137,HP,HP ProBook 430 G3,5CD5501F70,Ledig
BHVNB6138,HP,HP ProBook 430 G3,5CD54972NB,Ledig
BHVNB6139,HP,HP ProBook 430 G3,5CD548841F,Ledig
BHVNB6140,HP,HP ProBook 430 G3,5CD548843G,Ledig
BHVNB6141,HP,HP ProBook 430 G3,5CD5501F8P,Ledig
BHVNB6142,HP,HP ProBook 430 G3,5CD54972P8,Ledig
BHVNB6143,HP,HP ProBook 430 G3,5CD54883YF,Ledig
BHVNB6144,HP,HP ProBook 430 G3,5CD54972PH,Ledig
BHVNB6145,HP,HP ProBook 430 G3,5CD5501F7K,Ledig
BHVNB6146,HP,HP ProBook 430 G3,5CD54972QL,Ledig
BHVNB6147,HP,HP ProBook 430 G3,5CD5501F98,Ledig
BHVNB6148,HP,HP ProBook 430 G3,5CD54972Q1,Ledig
BHVNB6149,HP,HP ProBook 430 G3,5CD5488447,Ledig
BHVNB6150,HP,HP ProBook 430 G3,5CD548844C,Ledig
BHVNB6151,HP,HP ProBook 430 G3,5CD5488437,Ledig
BHVNB6152,HP,HP ProBook 430 G3,5CD5501F6T,Ledig
BHVNB6153,HP,HP ProBook 430 G3,5CD5501F67,Ledig
BHVNB6154,HP,HP ProBook 430 G3,5CD548840B,Ledig
BHVNB6155,HP,HP ProBook 430 G3,5CD548841L,Ledig
BHVNB6156,HP,HP ProBook 430 G3,5CD5501F5Y,Ledig
BHVNB6157,HP,HP ProBook 430 G3,5CD5501F6X,Ledig
BHVNB6158,HP,HP ProBook 430 G3,5CD54972NZ,Ledig
BHVNB6159,HP,HP ProBook 430 G3,5CD548843B,Ledig
BHVNB6160,HP,HP ProBook 430 G3,5CD5501F6G,Ledig
BHVNB6161,HP,HP ProBook 430 G3,5CD548842C,Ledig
BHVNB6162,HP,HP ProBook 430 G3,5CD5501F84,Ledig
BHVNB6163,HP,HP ProBook 430 G3,5CD6090CQM,Ledig
BHVNB6164,HP,HP ProBook 430 G3,5CD6090CQ0,Ledig
BHVNB6165,HP,HP ProBook 430 G3,5CD6090CKG,Ledig
BHVNB6166,HP,HP ProBook 430 G3,5CD6090CQH,Ledig
BHVNB6167,HP,HP ProBook 430 G3,5CD6090CRV,Ledig
BHVNB6168,HP,HP ProBook 430 G3,5CD6090CZR,Ledig
BHVNB6169,HP,HP ProBook 430 G3,5CD6090CR3,Ledig
BHVNB6170,HP,HP ProBook 430 G3,5CD6090CLL,Ledig
BHVNB6171,HP,HP ProBook 430 G3,5CD6090CR4,Ledig
BHVNB6172,HP,HP ProBook 430 G3,5CD6090CSD,Ledig
BHVNB6173,HP,HP ProBook 430 G3,5CD6090CTF,Ledig
BHVNB6174,HP,HP ProBook 430 G3,5CD6090CR0,Ledig
BHVNB6175,HP,HP ProBook 430 G3,5CD6090CMR,Ledig
BHVNB6176,HP,HP ProBook 430 G3,5CD6090CQQ,Ledig
BHVNB6177,HP,HP ProBook 430 G3,5CD6090CZB,Ledig
BHVNB6178,HP,HP ProBook 430 G3,5CD6090CPR,Ledig
BHVNB6179,HP,HP ProBook 430 G3,5CD6090CQD,Ledig
BHVNB6180,HP,HP ProBook 430 G3,5CD6090CXB,Ledig
BHVNB6181,HP,HP ProBook 430 G3,5CD6090CLP,Ledig
BHVNB6182,HP,HP ProBook 430 G3,5CD6090CND,Ledig
BHVNB6183,HP,HP ProBook 430 G3,5CD6090CRB,Ledig
BHVNB6184,HP,HP ProBook 430 G3,5CD6090CQB,Ledig
BHVNB6185,HP,HP ProBook 430 G3,5CD6090CKM,Ledig
BHVNB6186,HP,HP ProBook 430 G3,5CD6090CVX,Ledig
BHVNB6187,HP,HP ProBook 430 G3,5CD6090CS6,Ledig
BHVNB6188,HP,HP ProBook 430 G3,5CD6090CPW,Ledig
BHVNB6189,HP,HP ProBook 430 G3,5CD6090CNN,Ledig
BHVNB6190,HP,HP ProBook 430 G3,5CD6090CRS,Ledig
BHVNB6191,HP,HP ProBook 430 G3,5CD6090CS9,Ledig
BHVNB6192,HP,HP ProBook 430 G3,5CD6090CP6,Ledig
BHVNB6193,HP,HP ProBook 430 G3,5CD6090CL4,Ledig
BHVNB6194,HP,HP ProBook 430 G3,5CD6090CR5,Ledig
BHVNB6195,HP,HP ProBook 430 G3,5CD6090CSL,Ledig
BHVNB6196,HP,HP ProBook 430 G3,5CD6090CV0,Ledig
BHVNB6197,HP,HP ProBook 430 G3,5CD6090CPZ,Ledig
BHVNB6198,HP,HP ProBook 430 G3,5CD6090CZ6,Ledig
BHVNB6199,HP,HP ProBook 430 G3,5CD6090CN8,Ledig
BHVNB6200,HP,HP ProBook 430 G3,5CD6090CPV,Ledig
BHVNB6201,HP,HP ProBook 430 G3,5CD6090CSQ,Ledig
BHVNB6202,HP,HP ProBook 430 G3,5CD6090CPT,Ledig
BHVNB6203,HP,HP ProBook 430 G3,5CD6090CQC,Ledig
BHVNB6204,HP,HP ProBook 430 G3,5CD6090CPP,Ledig
BHVNB6205,HP,HP ProBook 430 G3,5CD6090CP8,Ledig
BHVNB6206,HP,HP ProBook 430 G3,5CD6090CSF,Ledig
BHVNB6207,HP,HP ProBook 430 G3,5CD6090CQW,Ledig
BHVNB6208,HP,HP ProBook 430 G3,5CD6090CWK,Ledig
BHVNB6209,HP,HP ProBook 430 G3,5CD6090CNT,Ledig
BHVNB6210,HP,HP ProBook 430 G3,5CD6090CRG,Ledig
BHVNB6211,HP,HP ProBook 430 G3,5CD6090CQ3,Ledig
BHVNB6212,HP,HP ProBook 430 G3,5CD6090CNC,Ledig
BHVNB6213,HP,HP ProBook 430 G3,5CD6090CKD,Ledig
BHVNB6214,HP,HP ProBook 430 G3,5CD6090CP5,Ledig
BHVNB6215,HP,HP ProBook 430 G3,5CD6090CNW,Ledig
BHVNB6216,HP,HP ProBook 430 G3,5CD6090CKH,Ledig
BHVNB6217,HP,HP ProBook 430 G3,5CD6090CS8,Ledig
BHVNB6218,HP,HP ProBook 430 G3,5CD6090CNL,Ledig
BHVNB6219,HP,HP ProBook 430 G3,5CD6090CTR,Ledig
BHVNB6220,HP,HP ProBook 430 G3,5CD6090CNG,Ledig
BHVNB6221,HP,HP ProBook 430 G3,5CD6090CPY,Ledig
BHVNB6222,HP,HP ProBook 430 G3,5CD6090CYP,Ledig
BHVNB6223,HP,HP ProBook 430 G3,5CD6090CRD,Ledig
BHVNB6224,HP,HP ProBook 430 G3,5CD6090CSS,Ledig
BHVNB6225,HP,HP ProBook 430 G3,5CD6090CW1,Ledig
BHVNB6226,HP,HP ProBook 430 G3,5CD6090CM0,Ledig
BHVNB6227,HP,HP ProBook 430 G3,5CD6090CR8,Ledig
BHVNB6228,HP,HP ProBook 430 G3,5CD6090CNZ,Ledig
BHVNB6229,HP,HP ProBook 430 G3,5CD6090CQ7,Ledig
BHVNB6230,HP,HP ProBook 430 G3,5CD6090CT6,Ledig
BHVNB6231,HP,HP ProBook 430 G3,5CD6090CT3,Ledig
BHVNB6232,HP,HP ProBook 430 G3,5CD6090CRM,Ledig
BHVNB6233,HP,HP ProBook 430 G3,5CD6090CNK,Ledig
BHVNB6234,HP,HP ProBook 430 G3,5CD6090CRT,Ledig
BHVNB6235,HP,HP ProBook 430 G3,5CD6090CP1,Ledig
BHVNB6236,HP,HP ProBook 430 G3,5CD6090CQ1,Ledig
BHVNB6237,HP,HP ProBook 430 G3,5CD6090CT7,Ledig
BHVNB6238,HP,HP ProBook 430 G3,5CD6090CWF,Ledig
BHVNB6239,HP,HP ProBook 430 G3,5CD6090CSZ,Ledig
BHVNB6240,HP,HP ProBook 430 G3,5CD6090CT2,Ledig
BHVNB6241,HP,HP ProBook 430 G3,5CD6090CNM,Ledig
BHVNB6242,HP,HP ProBook 430 G3,5CD6090CN7,Ledig
BHVNB6243,HP,HP ProBook 430 G3,5CD6090CSG,Ledig
BHVNB6244,HP,HP ProBook 430 G3,5CD6090CKZ,Ledig
BHVNB6245,HP,HP ProBook 430 G3,5CD6090CPQ,Ledig
BHVNB6246,HP,HP ProBook 430 G3,5CD6090CN2,Ledig
BHVNB6247,HP,HP ProBook 430 G3,5CD6090CSV,Ledig
BHVNB6248,HP,HP ProBook 430 G3,5CD6090CQV,Ledig
BHVNB6249,HP,HP ProBook 430 G3,5CD6090CRC,Ledig
BHVNB6250,HP,HP ProBook 430 G3,5CD6090CRP,Ledig
BHVNB6251,HP,HP ProBook 430 G3,5CD6090CRF,Ledig
BHVNB6252,HP,HP ProBook 430 G3,5CD6090CT1,Ledig
BHVNB6253,HP,HP ProBook 430 G3,5CD6090CPL,Ledig
BHVNB6254,HP,HP ProBook 430 G3,5CD6090CQL,Ledig
BHVNB6255,HP,HP ProBook 430 G3,5CD6090CZ5,Ledig
BHVNB6256,HP,HP ProBook 430 G3,5CD6090CSY,Ledig
BHVNB6257,HP,HP ProBook 430 G3,5CD6090CQK,Ledig
BHVNB6258,HP,HP ProBook 430 G3,5CD6090CP4,Ledig
BHVNB6259,HP,HP ProBook 430 G3,5CD6090CSX,Ledig
BHVNB6260,HP,HP ProBook 430 G3,5CD6090CY5,Ledig
BHVNB6261,HP,HP ProBook 430 G3,5CD6090CSB,Ledig
BHVNB6262,HP,HP ProBook 430 G3,5CD6090CQ9,Ledig
BHVNB6263,HP,HP ProBook 430 G3,5CD6438C3M,Ledig
BHVNB6264,HP,HP ProBook 430 G3,5CD6435W6P,Ledig
BHVNB6265,HP,HP ProBook 430 G3,5CD6438C3G,Ledig
BHVNB6266,HP,HP ProBook 430 G3,5CD6435W6D,Ledig
BHVNB6267,HP,HP ProBook 430 G3,5CD6438C38,Ledig
BHVNB6268,HP,HP ProBook 430 G3,5CD643757W,Ledig
BHVNB6269,HP,HP ProBook 430 G3,5CD6435W67,Ledig
BHVNB6270,HP,HP ProBook 430 G3,5CD6435W6F,Ledig
BHVNB6271,HP,HP ProBook 430 G3,5CD6438C2Q,Ledig
BHVNB6272,HP,HP ProBook 430 G3,5CD6438C3C,Ledig
BHVNB6273,HP,HP ProBook 430 G3,5CD6438C3K,Ledig
BHVNB6274,HP,HP ProBook 430 G3,5CD6438C3L,Ledig
BHVNB6275,HP,HP ProBook 430 G3,5CD6438C2N,Ledig
BHVNB6276,HP,HP ProBook 430 G3,5CD643757L,Ledig
BHVNB6277,HP,HP ProBook 430 G3,5CD6437579,Ledig
BHVNB6278,HP,HP ProBook 430 G3,5CD6435W6K,Ledig
BHVNB6279,HP,HP ProBook 430 G3,5CD6438C39,Ledig
BHVNB6280,HP,HP ProBook 430 G3,5CD6438C2T,Ledig
BHVNB6281,HP,HP ProBook 430 G3,5CD6438C3F,Ledig
BHVNB6282,HP,HP ProBook 430 G3,5CD6438C3B,Ledig
BHVNB6283,HP,HP ProBook 430 G3,5CD6438C3D,Ledig
BHVNB6284,HP,HP ProBook 430 G3,5CD6438C36,Ledig
BHVNB6285,HP,HP ProBook 430 G3,5CD6435W6C,Ledig
BHVNB6286,HP,HP ProBook 430 G3,5CD6438C32,Ledig
BHVNB6287,HP,HP ProBook 430 G3,5CD6435W68,Ledig
BHVNB6288,HP,HP ProBook 430 G3,5CD6438C3H,Ledig
BHVNB6289,HP,HP ProBook 430 G3,5CD6438C34,Ledig
BHVNB6290,HP,HP ProBook 430 G3,5CD6438C31,Ledig
BHVNB6291,HP,HP ProBook 430 G3,5CD6438C2K,Ledig
BHVNB6292,HP,HP ProBook 430 G3,5CD6435W6M,Ledig
BHVNB6293,HP,HP ProBook 430 G3,5CD6435W69,Ledig
BHVNB6294,HP,HP ProBook 430 G3,5CD643757K,Ledig
BHVNB6295,HP,HP ProBook 430 G3,5CD6438C3J,Ledig
BHVNB6296,HP,HP ProBook 430 G3,5CD6435W6G,Ledig
BHVNB6297,HP,HP ProBook 430 G3,5CD6438C2Z,Ledig
